accuracy,hint_usage,mistake,ability,difficulty,scaffold_level
0.781089,0.029018,1,1,Medium,0
0.98275,0.011501,2,1,Hard,0
0.906198,0.010182,2,1,Easy,0
0.85953,0.213865,2,1,Easy,0
0.704607,0.175914,1,1,Easy,0
0.704598,0.118543,2,1,Medium,0
0.670329,0.024459,2,1,Medium,0
0.953162,0.122904,2,1,Easy,0
0.86039,0.118368,1,1,Medium,0
0.897825,0.0433,2,1,Easy,0
0.657205,0.108463,1,1,Hard,0
0.989468,0.099626,1,1,Easy,0
0.941355,0.153963,1,1,Easy,0
0.724319,0.158773,1,1,Easy,0
0.713639,0.011326,1,1,Medium,0
0.714192,0.093653,1,1,Hard,0
0.756485,0.156465,2,1,Medium,0
0.833665,0.125784,1,1,Easy,0
0.801181,0.214122,2,1,Hard,0
0.75193,0.164673,2,1,Hard,0
0.864149,0.040734,1,1,Easy,0
0.698823,0.017642,2,1,Hard,0
0.752251,0.160605,2,1,Hard,0
0.778227,0.006628,2,1,Easy,0
0.809624,0.146444,2,1,Hard,0
0.924812,0.235058,1,1,Hard,0
0.719886,0.143869,2,1,Medium,0
0.829982,0.097042,1,1,Easy,0
0.857345,0.160822,2,1,Easy,0
0.666258,0.114563,2,1,Hard,0
0.862641,0.136404,1,1,Hard,0
0.709683,0.235366,2,1,Medium,0
0.672768,0.096526,2,1,Medium,0
0.98211,0.240298,2,1,Medium,0
0.987971,0.226338,1,1,Medium,0
0.932939,0.048948,2,1,Medium,0
0.756615,0.01734,1,1,Easy,0
0.684185,0.025195,2,1,Hard,0
0.889482,0.004555,1,1,Medium,0
0.804053,0.023611,1,1,Hard,0
0.692713,0.170752,2,1,Easy,0
0.823312,0.017797,2,1,Easy,0
0.662036,0.079744,1,1,Easy,0
0.968262,0.211219,1,1,Medium,0
0.740573,0.005818,2,1,Hard,0
0.881883,0.203617,1,1,Easy,0
0.759099,0.070464,2,1,Hard,0
0.832024,0.029541,2,1,Medium,0
0.841349,0.174184,2,1,Hard,0
0.714699,0.157236,2,1,Easy,0
0.989355,0.219368,1,1,Hard,0
0.921296,0.183768,2,1,Hard,0
0.978825,0.20087,1,1,Easy,0
0.96319,0.070509,2,1,Easy,0
0.859265,0.04436,1,1,Hard,0
0.972656,0.187654,2,1,Hard,0
0.680972,0.201709,1,1,Easy,0
0.718594,0.247626,1,1,Hard,0
0.66583,0.103154,2,1,Hard,0
0.763866,0.093005,2,1,Hard,0
0.786037,0.194103,2,1,Hard,0
0.744972,0.085201,2,1,Hard,0
0.940058,0.232689,1,1,Medium,0
0.774864,0.214603,2,1,Medium,0
0.748327,0.107249,1,1,Medium,0
0.839944,0.187718,1,1,Hard,0
0.699323,0.188636,2,1,Hard,0
0.930769,0.025781,1,1,Easy,0
0.676093,0.225638,1,1,Hard,0
0.99541,0.126313,1,1,Hard,0
0.920286,0.206614,1,1,Medium,0
0.71955,0.080012,2,1,Medium,0
0.651933,0.223881,2,1,Medium,0
0.935411,0.0973,2,1,Easy,0
0.8974,0.002709,2,1,Easy,0
0.905153,0.226345,1,1,Easy,0
0.919945,0.022822,1,1,Easy,0
0.675916,0.079828,2,1,Medium,0
0.775463,0.237515,2,1,Medium,0
0.690554,0.237652,2,1,Easy,0
0.952086,0.143359,1,1,Hard,0
0.868154,0.157959,2,1,Easy,0
0.765814,0.112111,2,1,Hard,0
0.672245,0.073303,2,1,Hard,0
0.758844,0.082166,1,1,Easy,0
0.763814,0.16813,1,1,Medium,0
0.905362,0.188094,1,1,Easy,0
0.873145,0.197895,1,1,Medium,0
0.960524,0.197405,1,1,Medium,0
0.815275,0.022802,1,1,Easy,0
0.691858,0.123605,1,1,Medium,0
0.899636,0.01439,1,1,Easy,0
0.916275,0.137382,2,1,Easy,0
0.846447,0.110383,2,1,Medium,0
0.919839,0.221926,1,1,Medium,0
0.822828,0.087729,1,1,Medium,0
0.832956,0.029267,2,1,Medium,0
0.799639,0.035748,1,1,Hard,0
0.658897,0.190378,1,1,Easy,0
0.687762,0.154555,1,1,Medium,0
0.661,0.025281,2,1,Medium,0
0.872744,0.021027,2,1,Medium,0
0.760025,0.175242,2,1,Hard,0
0.828,0.018191,2,1,Hard,0
0.967648,0.205465,2,1,Medium,0
0.737252,0.176561,1,1,Hard,0
0.793634,0.020337,2,1,Hard,0
0.914443,0.021209,1,1,Hard,0
0.730079,0.24666,1,1,Hard,0
0.676943,0.093568,2,1,Hard,0
0.751413,0.092661,2,1,Easy,0
0.706427,0.2032,1,1,Easy,0
0.975394,0.236812,1,1,Medium,0
0.932842,0.2465,1,1,Easy,0
0.871691,0.188345,2,1,Medium,0
0.955011,0.094065,2,1,Easy,0
0.931285,0.020875,2,1,Medium,0
0.7153,0.194287,2,1,Hard,0
0.962396,0.139601,2,1,Hard,0
0.83877,0.106056,1,1,Easy,0
0.932604,0.226589,2,1,Medium,0
0.963632,0.027799,1,1,Hard,0
0.761301,0.123156,1,1,Easy,0
0.688518,0.002838,1,1,Hard,0
0.729777,0.117165,2,1,Medium,0
0.799488,0.014076,2,1,Medium,0
0.936305,0.029704,2,1,Hard,0
0.951256,0.029382,1,1,Easy,0
0.652433,0.162303,1,1,Medium,0
0.828762,0.186511,1,1,Hard,0
0.796094,0.145842,1,1,Easy,0
0.727738,0.240543,1,1,Medium,0
0.691953,0.093718,1,1,Hard,0
0.768165,0.071428,2,1,Easy,0
0.980018,0.21715,2,1,Hard,0
0.763121,0.055899,2,1,Medium,0
0.831577,0.240806,2,1,Medium,0
0.896057,0.003039,1,1,Medium,0
0.77727,0.24247,1,1,Easy,0
0.990124,0.01079,2,1,Hard,0
0.986857,0.222786,1,1,Hard,0
0.738124,0.131925,2,1,Medium,0
0.824037,0.248241,2,1,Hard,0
0.755307,0.018449,2,1,Medium,0
0.749694,0.138464,1,1,Medium,0
0.66291,0.242326,2,1,Medium,0
0.863348,0.130774,2,1,Medium,0
0.825938,0.15735,2,1,Medium,0
0.668018,0.173937,1,1,Hard,0
0.747526,0.113635,1,1,Medium,0
0.967893,0.15689,2,1,Easy,0
0.733847,0.146079,1,1,Easy,0
0.700713,0.22529,1,1,Medium,0
0.821308,0.011362,1,1,Hard,0
0.994978,0.070241,1,1,Medium,0
0.734719,0.237603,1,1,Medium,0
0.885247,0.222566,1,1,Medium,0
0.916567,0.113914,1,1,Medium,0
0.733173,0.155033,1,1,Medium,0
0.904876,0.069345,1,1,Medium,0
0.778724,0.04703,1,1,Hard,0
0.871307,0.115925,2,1,Hard,0
0.871735,0.088338,2,1,Medium,0
0.837521,0.145914,1,1,Easy,0
0.681601,0.019434,2,1,Easy,0
0.942356,0.243599,2,1,Easy,0
0.762273,0.246553,1,1,Medium,0
0.715281,0.17454,1,1,Medium,0
0.664271,0.134024,1,1,Medium,0
0.856813,0.077382,2,1,Medium,0
0.887148,0.203449,2,1,Easy,0
0.655806,0.171183,1,1,Medium,0
0.829233,0.040654,1,1,Easy,0
0.729274,0.227732,1,1,Medium,0
0.87581,0.205634,2,1,Easy,0
0.711028,0.23745,2,1,Hard,0
0.891828,0.18143,2,1,Easy,0
0.785357,0.153354,2,1,Hard,0
0.977855,0.104561,1,1,Medium,0
0.698132,0.233182,1,1,Hard,0
0.769373,0.216516,1,1,Medium,0
0.689716,0.011305,1,1,Hard,0
0.973643,0.006592,2,1,Hard,0
0.957069,0.094116,2,1,Medium,0
0.74028,0.202638,1,1,Medium,0
0.880994,0.246819,1,1,Medium,0
0.936028,0.037604,2,1,Medium,0
0.84432,0.148533,1,1,Easy,0
0.835378,0.095223,2,1,Medium,0
0.734648,0.242479,1,1,Medium,0
0.682586,0.21053,1,1,Medium,0
0.964026,0.209582,1,1,Hard,0
0.965146,0.117173,1,1,Medium,0
0.871586,0.103705,1,1,Hard,0
0.76866,0.068352,1,1,Easy,0
0.772223,0.014094,1,1,Medium,0
0.904084,0.216181,2,1,Medium,0
0.963989,0.203225,2,1,Medium,0
0.96048,0.249929,2,1,Hard,0
0.922956,0.249159,2,1,Easy,0
0.874711,0.138858,2,1,Hard,0
0.679449,0.192247,1,1,Medium,0
0.70657,0.236191,1,1,Medium,0
0.964494,0.212412,2,1,Medium,0
0.86225,0.061837,1,1,Medium,0
0.653219,0.112636,2,1,Medium,0
0.685515,0.03229,2,1,Medium,0
0.882226,0.238513,1,1,Easy,0
0.651772,0.151544,1,1,Medium,0
0.706283,0.057161,1,1,Easy,0
0.842057,0.167925,2,1,Medium,0
0.892163,0.154532,1,1,Medium,0
0.878186,0.089541,2,1,Medium,0
0.728494,0.028389,2,1,Medium,0
0.899263,0.167893,2,1,Easy,0
0.733037,0.130077,1,1,Medium,0
0.76389,0.19308,1,1,Medium,0
0.911272,0.130041,2,1,Medium,0
0.877372,0.213045,1,1,Hard,0
0.947228,0.137977,1,1,Easy,0
0.880165,0.140234,1,1,Medium,0
0.848908,0.219163,2,1,Medium,0
0.682786,0.100871,2,1,Medium,0
0.778701,0.033504,1,1,Easy,0
0.742821,0.007196,2,1,Easy,0
0.735396,0.188784,1,1,Hard,0
0.990554,0.155077,1,1,Medium,0
0.787584,0.17602,1,1,Medium,0
0.962216,0.053241,1,1,Medium,0
0.870899,0.034093,2,1,Medium,0
0.928184,0.003636,2,1,Easy,0
0.825923,0.087647,2,1,Medium,0
0.851916,0.147479,1,1,Medium,0
0.822381,0.098061,1,1,Hard,0
0.718335,0.109369,1,1,Easy,0
0.902858,0.22604,2,1,Medium,0
0.74827,0.087064,1,1,Medium,0
0.658511,0.128497,2,1,Medium,0
0.875915,0.195913,2,1,Medium,0
0.711989,0.099136,2,1,Medium,0
0.979161,0.155522,2,1,Hard,0
0.983875,0.215591,2,1,Hard,0
0.970203,0.23738,2,1,Medium,0
0.779556,0.036768,1,1,Hard,0
0.65541,0.231647,1,1,Medium,0
0.974911,0.123029,2,1,Medium,0
0.799864,0.064561,2,1,Easy,0
0.988329,0.114784,1,1,Hard,0
0.987267,0.245008,2,1,Easy,0
0.948553,0.123155,2,1,Easy,0
0.753057,0.082188,1,1,Easy,0
0.784784,0.15835,2,1,Medium,0
0.947898,0.060036,2,1,Easy,0
0.760923,0.018966,2,1,Easy,0
0.709322,0.03222,1,1,Easy,0
0.84488,0.032011,1,1,Easy,0
0.977654,0.037976,1,1,Medium,0
0.89361,0.034707,2,1,Medium,0
0.849521,0.160219,2,1,Medium,0
0.684012,0.04547,1,1,Medium,0
0.865253,0.086417,2,1,Medium,0
0.996519,0.224197,2,1,Easy,0
0.699029,0.11849,2,1,Medium,0
0.831415,0.166889,2,1,Hard,0
0.957081,0.04308,2,1,Medium,0
0.909269,0.048072,1,1,Easy,0
0.893956,0.010217,2,1,Medium,0
0.895869,0.042234,1,1,Medium,0
0.775822,0.069648,2,1,Medium,0
0.752757,0.044253,1,1,Easy,0
0.933276,0.022176,2,1,Easy,0
0.93354,0.030159,1,1,Easy,0
0.953475,0.115195,2,1,Hard,0
0.969634,0.051583,1,1,Hard,0
0.82897,0.091067,2,1,Easy,0
0.825531,0.125854,1,1,Easy,0
0.929403,0.172599,2,1,Hard,0
0.877487,0.009828,1,1,Easy,0
0.895688,0.199853,1,1,Easy,0
0.928527,0.156975,2,1,Hard,0
0.961502,0.02044,2,1,Easy,0
0.768298,0.218395,1,1,Medium,0
0.781454,0.230218,2,1,Hard,0
0.682894,0.015269,1,1,Medium,0
0.852398,0.069219,1,1,Easy,0
0.66258,0.20155,1,1,Easy,0
0.812959,0.187065,2,1,Hard,0
0.839926,0.04613,1,1,Hard,0
0.750289,0.052337,1,1,Hard,0
0.856792,0.092618,2,1,Easy,0
0.660675,0.121131,2,1,Hard,0
0.663072,0.154564,2,1,Hard,0
0.93791,0.092228,2,1,Medium,0
0.776067,0.115634,1,1,Hard,0
0.694471,0.186868,1,1,Hard,0
0.832785,0.009171,1,1,Medium,0
0.919498,0.063109,1,1,Medium,0
0.725537,0.178337,2,1,Medium,0
0.868012,0.223802,1,1,Easy,0
0.679872,0.127919,1,1,Medium,0
0.668089,0.133028,2,1,Medium,0
0.835974,0.026793,1,1,Hard,0
0.839222,0.111853,1,1,Hard,0
0.8731,0.133154,1,1,Hard,0
0.904132,0.060618,1,1,Easy,0
0.991548,0.067311,1,1,Easy,0
0.830705,0.094321,1,1,Easy,0
0.763035,0.005018,2,1,Medium,0
0.928315,0.08052,2,1,Hard,0
0.744791,0.052862,1,1,Hard,0
0.80364,0.081874,1,1,Medium,0
0.67746,0.029941,2,1,Hard,0
0.658873,0.222632,1,1,Hard,0
0.986927,0.148398,1,1,Medium,0
0.942593,0.169776,1,1,Hard,0
0.893591,0.197293,2,1,Medium,0
0.793134,0.124611,1,1,Easy,0
0.710653,0.02173,2,1,Medium,0
0.704753,0.134277,1,1,Medium,0
0.737585,0.14671,2,1,Medium,0
0.842229,0.18636,2,1,Medium,0
0.900109,0.107915,1,1,Medium,0
0.881069,0.031895,2,1,Medium,0
0.747977,0.070944,1,1,Medium,0
0.984203,0.090771,2,1,Medium,0
0.908264,0.161479,1,1,Medium,0
0.844024,0.142695,1,1,Medium,0
0.864102,0.089024,2,1,Easy,0
0.79686,0.246629,1,1,Medium,0
0.736706,0.151444,1,1,Easy,0
0.77459,0.059307,2,1,Medium,0
0.915246,0.025446,1,1,Hard,0
0.655038,0.038215,1,1,Medium,0
0.594404,0.494406,4,0,Medium,1
0.733503,0.668119,5,0,Hard,1
0.698037,0.508307,5,0,Medium,1
0.72084,0.5466,5,0,Medium,1
0.686681,0.362655,3,0,Hard,1
0.447032,0.317494,3,0,Medium,1
0.460657,0.344323,4,0,Easy,1
0.589052,0.539413,4,0,Easy,1
0.493664,0.338005,5,0,Easy,1
0.572076,0.450397,5,1,Hard,1
0.544084,0.520037,5,0,Medium,1
0.596801,0.455461,4,0,Hard,1
0.663938,0.365474,3,0,Medium,1
0.653267,0.409517,3,0,Medium,1
0.58722,0.671327,5,0,Easy,1
0.689614,0.570393,5,0,Medium,1
0.556493,0.498419,5,0,Medium,1
0.714883,0.305086,5,1,Hard,1
0.434235,0.696966,4,0,Easy,1
0.734584,0.568582,3,0,Medium,1
0.632596,0.426769,5,0,Medium,1
0.539225,0.651707,4,0,Medium,1
0.477032,0.403373,5,0,Medium,1
0.572922,0.517607,5,0,Medium,1
0.47615,0.554428,3,0,Easy,1
0.466553,0.388425,5,0,Medium,1
0.6199,0.691359,3,0,Medium,1
0.587849,0.599277,3,0,Hard,1
0.637833,0.523125,3,0,Hard,1
0.726066,0.372238,4,0,Easy,1
0.590968,0.321543,4,0,Easy,1
0.607517,0.428024,3,1,Hard,1
0.440473,0.601275,5,0,Medium,1
0.653996,0.407733,3,1,Hard,1
0.545968,0.515822,5,0,Easy,1
0.742087,0.591179,3,0,Medium,1
0.689879,0.343177,5,0,Hard,1
0.587644,0.574119,4,0,Hard,1
0.451896,0.336748,5,0,Easy,1
0.702201,0.686052,3,0,Medium,1
0.681926,0.495358,4,0,Medium,1
0.472759,0.36027,5,0,Easy,1
0.510395,0.436953,5,0,Medium,1
0.679758,0.465367,5,0,Medium,1
0.472978,0.603274,5,0,Hard,1
0.722036,0.59737,5,0,Medium,1
0.554339,0.544776,4,0,Easy,1
0.439593,0.342372,4,0,Easy,1
0.687355,0.360628,4,0,Medium,1
0.536993,0.337503,4,0,Easy,1
0.58901,0.530869,3,0,Medium,1
0.448183,0.650855,4,0,Easy,1
0.410879,0.47352,5,0,Hard,1
0.626915,0.364339,5,1,Hard,1
0.58516,0.523217,4,0,Medium,1
0.611803,0.624701,5,1,Hard,1
0.679873,0.596685,4,0,Medium,1
0.629846,0.65258,5,0,Medium,1
0.469423,0.411161,3,0,Easy,1
0.532663,0.377582,3,0,Medium,1
0.718003,0.651927,4,0,Medium,1
0.671781,0.563024,4,0,Hard,1
0.599257,0.424372,4,0,Medium,1
0.496919,0.596939,5,0,Hard,1
0.512701,0.626047,4,0,Medium,1
0.658866,0.545991,3,0,Easy,1
0.699399,0.575154,5,0,Hard,1
0.638284,0.450104,4,0,Medium,1
0.68524,0.515478,5,0,Easy,1
0.670663,0.509664,5,0,Medium,1
0.460899,0.639219,4,0,Easy,1
0.554141,0.635986,5,0,Medium,1
0.462014,0.633072,3,0,Medium,1
0.48998,0.304413,3,0,Medium,1
0.705548,0.599818,5,0,Hard,1
0.570783,0.603471,4,0,Medium,1
0.592022,0.571352,5,0,Easy,1
0.470672,0.602506,3,0,Medium,1
0.516172,0.636788,5,0,Hard,1
0.488284,0.488128,5,0,Easy,1
0.480103,0.50082,3,0,Easy,1
0.626907,0.349886,5,0,Easy,1
0.497341,0.45415,5,0,Easy,1
0.624885,0.557346,4,0,Hard,1
0.429875,0.61216,4,0,Medium,1
0.458203,0.386884,3,0,Easy,1
0.503344,0.355129,3,0,Medium,1
0.612996,0.565217,3,0,Easy,1
0.639786,0.300752,4,1,Hard,1
0.560524,0.371349,3,0,Hard,1
0.561569,0.311629,3,0,Easy,1
0.656336,0.366754,3,0,Hard,1
0.415379,0.372528,4,0,Medium,1
0.525971,0.455069,5,0,Easy,1
0.68836,0.460931,3,0,Easy,1
0.615095,0.649705,5,0,Medium,1
0.524657,0.504044,3,0,Medium,1
0.717878,0.589362,5,1,Hard,1
0.672692,0.341655,4,0,Medium,1
0.500064,0.390176,4,1,Hard,1
0.629399,0.581177,3,0,Medium,1
0.612555,0.321122,5,1,Hard,1
0.546404,0.494639,4,0,Medium,1
0.534765,0.539748,3,0,Easy,1
0.526811,0.540858,3,0,Medium,1
0.619833,0.309173,4,0,Hard,1
0.560419,0.428843,4,0,Easy,1
0.692833,0.554596,3,1,Hard,1
0.637665,0.3596,5,0,Easy,1
0.433777,0.578166,5,0,Medium,1
0.627657,0.59837,5,1,Hard,1
0.50219,0.692788,3,0,Easy,1
0.611556,0.383937,4,0,Easy,1
0.641245,0.630052,3,0,Medium,1
0.488482,0.508119,4,0,Hard,1
0.565332,0.449385,5,0,Easy,1
0.47471,0.348951,5,0,Hard,1
0.427795,0.594202,4,0,Easy,1
0.538682,0.394343,4,0,Hard,1
0.533401,0.448569,3,1,Hard,1
0.748463,0.325017,5,0,Medium,1
0.56176,0.620547,3,0,Medium,1
0.523414,0.606635,3,0,Medium,1
0.607362,0.593446,3,0,Medium,1
0.440181,0.419777,5,0,Easy,1
0.736966,0.369392,3,0,Easy,1
0.625886,0.555021,3,0,Easy,1
0.666645,0.498467,3,0,Medium,1
0.467962,0.371301,3,0,Easy,1
0.549222,0.574365,3,0,Medium,1
0.553714,0.696451,3,0,Hard,1
0.689414,0.598888,5,0,Easy,1
0.41042,0.595995,3,0,Medium,1
0.51229,0.680125,4,0,Medium,1
0.74362,0.381175,3,0,Hard,1
0.571461,0.52622,3,0,Hard,1
0.540059,0.691859,5,0,Hard,1
0.450742,0.366118,5,1,Hard,1
0.741216,0.580101,4,0,Easy,1
0.416809,0.534324,4,1,Hard,1
0.660641,0.534592,5,0,Medium,1
0.671324,0.579068,5,0,Easy,1
0.492843,0.671847,3,1,Hard,1
0.63833,0.613033,5,0,Easy,1
0.441596,0.322454,4,0,Medium,1
0.497396,0.641091,3,0,Easy,1
0.677887,0.390217,4,0,Medium,1
0.703993,0.450766,3,0,Medium,1
0.616885,0.484693,5,0,Medium,1
0.582325,0.492362,4,0,Medium,1
0.464163,0.474072,3,0,Easy,1
0.431457,0.674941,3,1,Hard,1
0.450001,0.582408,5,0,Easy,1
0.487301,0.552468,5,0,Medium,1
0.526169,0.319937,5,1,Hard,1
0.539509,0.661565,4,1,Hard,1
0.527749,0.663756,3,0,Medium,1
0.491279,0.612085,5,0,Medium,1
0.583306,0.302812,4,0,Hard,1
0.690597,0.322912,4,0,Hard,1
0.505099,0.390089,4,0,Medium,1
0.730412,0.35254,5,0,Easy,1
0.706934,0.459534,5,0,Easy,1
0.465,0.669049,3,0,Easy,1
0.677334,0.488824,3,0,Medium,1
0.60536,0.305361,5,0,Easy,1
0.602636,0.413098,4,0,Medium,1
0.542955,0.317838,4,0,Easy,1
0.580392,0.314515,4,0,Easy,1
0.545041,0.410288,3,0,Hard,1
0.593509,0.410245,4,0,Medium,1
0.623503,0.614851,3,0,Easy,1
0.639263,0.689934,3,0,Hard,1
0.591044,0.448483,4,0,Easy,1
0.655284,0.471555,4,0,Medium,1
0.458035,0.637916,5,0,Medium,1
0.482074,0.407256,5,0,Easy,1
0.68837,0.362553,4,0,Hard,1
0.51966,0.641236,3,0,Medium,1
0.417784,0.3186,3,0,Medium,1
0.462289,0.54788,3,0,Easy,1
0.486029,0.524797,3,0,Easy,1
0.73549,0.438368,3,0,Hard,1
0.604834,0.426076,5,0,Easy,1
0.727128,0.608743,4,0,Medium,1
0.605556,0.33457,5,0,Medium,1
0.572981,0.394714,3,0,Medium,1
0.516667,0.592979,3,0,Easy,1
0.616166,0.519328,3,0,Easy,1
0.457327,0.351195,3,0,Medium,1
0.715409,0.652854,4,0,Easy,1
0.691973,0.457379,3,0,Easy,1
0.517961,0.631147,4,0,Easy,1
0.733951,0.615085,3,0,Medium,1
0.690568,0.54977,4,0,Hard,1
0.636544,0.497792,5,0,Easy,1
0.451399,0.69182,3,0,Easy,1
0.5726,0.357986,4,0,Easy,1
0.582077,0.590062,5,0,Medium,1
0.489067,0.376476,3,0,Medium,1
0.437188,0.435305,3,0,Medium,1
0.674086,0.423479,3,0,Medium,1
0.451492,0.678814,4,0,Medium,1
0.612059,0.686942,4,0,Hard,1
0.728393,0.373206,5,1,Hard,1
0.707876,0.308814,4,0,Easy,1
0.504436,0.588003,4,0,Easy,1
0.699493,0.467196,3,0,Easy,1
0.410113,0.335536,3,0,Easy,1
0.416014,0.573502,3,1,Hard,1
0.614868,0.518042,3,0,Medium,1
0.534031,0.692207,3,0,Easy,1
0.541397,0.390964,3,0,Medium,1
0.60191,0.461591,3,0,Medium,1
0.475206,0.517018,5,0,Easy,1
0.481997,0.61668,5,0,Easy,1
0.574765,0.519535,5,0,Medium,1
0.666446,0.54516,5,0,Medium,1
0.620629,0.390459,3,0,Easy,1
0.511101,0.638767,5,0,Easy,1
0.556315,0.471452,3,0,Medium,1
0.468026,0.356384,5,0,Easy,1
0.435374,0.565675,4,0,Medium,1
0.676117,0.386436,5,0,Medium,1
0.500232,0.339025,5,0,Easy,1
0.470441,0.644795,3,0,Hard,1
0.64515,0.484065,5,0,Medium,1
0.620138,0.599713,4,0,Easy,1
0.625284,0.416235,3,0,Medium,1
0.487824,0.614788,3,0,Medium,1
0.489099,0.344774,5,0,Medium,1
0.485073,0.442389,3,0,Easy,1
0.469076,0.691225,3,1,Hard,1
0.632946,0.617596,3,0,Medium,1
0.698325,0.498902,3,0,Easy,1
0.656268,0.435911,3,0,Easy,1
0.679312,0.648854,3,0,Easy,1
0.547631,0.517939,4,0,Hard,1
0.632386,0.60337,5,0,Easy,1
0.53044,0.601643,4,0,Easy,1
0.588672,0.307178,3,0,Hard,1
0.573756,0.350502,3,0,Easy,1
0.470142,0.563852,5,0,Easy,1
0.541607,0.364648,4,0,Easy,1
0.7377,0.402197,5,0,Easy,1
0.494517,0.678655,4,0,Easy,1
0.455493,0.524073,3,0,Medium,1
0.552317,0.600292,5,0,Easy,1
0.678715,0.523192,5,0,Easy,1
0.60793,0.521005,3,0,Medium,1
0.641531,0.337661,5,0,Medium,1
0.474496,0.437465,4,0,Medium,1
0.620442,0.412972,4,0,Medium,1
0.51999,0.456291,4,0,Easy,1
0.693663,0.619338,4,0,Medium,1
0.623962,0.448773,3,0,Medium,1
0.477611,0.480679,5,0,Easy,1
0.43197,0.458953,4,0,Hard,1
0.424495,0.337363,3,0,Easy,1
0.536279,0.476429,5,0,Medium,1
0.500389,0.378244,5,0,Easy,1
0.629671,0.374689,3,0,Medium,1
0.579774,0.337614,3,0,Medium,1
0.500447,0.442668,4,1,Hard,1
0.460741,0.602993,5,0,Easy,1
0.453248,0.410577,5,0,Medium,1
0.703985,0.42494,3,0,Medium,1
0.492783,0.55707,5,0,Medium,1
0.631582,0.378336,4,0,Medium,1
0.685633,0.658783,5,0,Medium,1
0.618788,0.508076,3,0,Medium,1
0.702252,0.479041,3,0,Easy,1
0.543414,0.523128,4,0,Medium,1
0.735116,0.366414,4,0,Easy,1
0.455269,0.545389,5,0,Hard,1
0.444731,0.44524,5,0,Medium,1
0.633955,0.658875,3,0,Hard,1
0.730563,0.367542,4,0,Easy,1
0.68502,0.50282,4,1,Hard,1
0.435982,0.539245,4,0,Hard,1
0.504985,0.313353,5,0,Medium,1
0.726308,0.445477,4,0,Medium,1
0.49604,0.593054,3,0,Easy,1
0.675598,0.628151,3,0,Hard,1
0.690545,0.425265,5,0,Medium,1
0.578454,0.619437,5,0,Easy,1
0.541359,0.687102,4,0,Easy,1
0.563042,0.64275,5,0,Hard,1
0.487168,0.347058,3,0,Hard,1
0.712393,0.595892,4,0,Hard,1
0.563211,0.427867,3,0,Medium,1
0.710036,0.695366,4,0,Easy,1
0.445936,0.494144,5,0,Easy,1
0.746014,0.348974,4,0,Easy,1
0.560713,0.590074,4,0,Easy,1
0.426262,0.429204,3,0,Easy,1
0.422927,0.698831,3,0,Easy,1
0.66371,0.691913,4,0,Medium,1
0.634072,0.562454,5,0,Hard,1
0.682724,0.351931,5,0,Medium,1
0.445825,0.574744,3,0,Hard,1
0.422094,0.337212,5,0,Medium,1
0.582917,0.311746,3,0,Easy,1
0.541782,0.629183,5,0,Easy,1
0.567062,0.383901,4,0,Easy,1
0.74714,0.451611,3,0,Easy,1
0.740055,0.689383,3,0,Medium,1
0.730387,0.434736,4,0,Easy,1
0.676507,0.418596,3,0,Easy,1
0.530646,0.667283,5,0,Easy,1
0.550125,0.344299,5,1,Hard,1
0.596869,0.603833,3,0,Medium,1
0.692382,0.695226,5,0,Medium,1
0.433362,0.660518,3,0,Easy,1
0.554261,0.560667,4,0,Medium,1
0.43809,0.425624,3,0,Medium,1
0.584984,0.401729,4,0,Medium,1
0.715626,0.627702,5,0,Hard,1
0.676045,0.651929,4,0,Easy,1
0.487466,0.510174,5,0,Hard,1
0.741837,0.397736,3,0,Hard,1
0.636899,0.345177,5,0,Easy,1
0.413545,0.334872,3,0,Medium,1
0.496841,0.587631,3,0,Hard,1
0.498643,0.468047,4,0,Easy,1
0.433546,0.662144,4,0,Medium,1
0.736341,0.595869,4,0,Hard,1
0.572607,0.376504,4,0,Medium,1
0.714577,0.545511,5,0,Easy,1
0.519553,0.474202,5,0,Medium,1
0.452579,0.5309,5,0,Easy,1
0.571274,0.595228,3,0,Medium,1
0.448745,0.622478,5,0,Easy,1
0.208796,0.790657,6,-1,Easy,2
0.118802,0.751254,7,-1,Medium,2
0.186858,0.800817,5,-1,Easy,2
0.399809,0.956365,7,-1,Easy,2
0.370947,0.735807,7,-1,Easy,2
0.283518,0.997592,5,-1,Easy,2
0.386154,0.866891,7,-1,Easy,2
0.352698,0.995605,7,-1,Easy,2
0.193043,0.982309,5,-1,Easy,2
0.090479,0.841316,7,-1,Easy,2
0.23139,0.767562,6,-1,Easy,2
0.331303,0.757817,7,-1,Easy,2
0.196389,0.779597,6,-1,Easy,2
0.300047,0.915938,7,-1,Easy,2
0.042447,0.789155,5,-1,Easy,2
0.336602,0.809013,5,-1,Easy,2
0.365721,0.840146,7,-1,Easy,2
0.318077,0.974837,5,-1,Easy,2
0.435269,0.764924,7,-1,Easy,2
0.371993,0.711458,5,-1,Easy,2
0.406392,0.727428,6,-1,Medium,2
0.420107,0.972382,7,-1,Easy,2
0.360607,0.89778,6,-1,Medium,2
0.303416,0.789182,6,-1,Easy,2
0.002573,0.761386,7,-1,Easy,2
0.209622,0.795337,6,-1,Easy,2
0.257023,0.743291,7,-1,Easy,2
0.136814,0.983045,6,-1,Easy,2
0.143147,0.93742,7,-1,Easy,2
0.432522,0.844093,7,-1,Easy,2
0.40127,0.960839,5,-1,Easy,2
0.382131,0.782343,7,-1,Easy,2
0.182705,0.917965,7,-1,Medium,2
0.006164,0.958278,6,-1,Easy,2
0.0361,0.813463,7,-1,Easy,2
0.140488,0.929665,5,-1,Easy,2
0.007084,0.795571,6,-1,Easy,2
0.007717,0.796669,6,-1,Easy,2
0.412471,0.741047,5,-1,Medium,2
0.317771,0.837617,6,-1,Easy,2
0.13903,0.921616,6,-1,Easy,2
0.05969,0.982664,6,-1,Easy,2
0.230236,0.885101,6,-1,Medium,2
0.002406,0.960309,5,-1,Easy,2
0.422286,0.948523,5,-1,Easy,2
0.186667,0.760269,6,-1,Medium,2
0.181051,0.850887,6,-1,Easy,2
0.175767,0.743908,5,-1,Medium,2
0.031198,0.907824,5,-1,Easy,2
0.287245,0.985471,5,-1,Easy,2
0.329852,0.749756,6,-1,Easy,2
0.304256,0.922826,6,-1,Easy,2
0.062296,0.893349,7,-1,Medium,2
0.260478,0.879245,5,-1,Easy,2
0.256268,0.823135,6,-1,Easy,2
0.390785,0.812988,5,-1,Easy,2
0.170607,0.723122,6,-1,Easy,2
0.167169,0.773194,5,-1,Easy,2
0.278337,0.714401,6,-1,Easy,2
0.284883,0.878611,7,-1,Easy,2
0.211178,0.740697,7,-1,Easy,2
0.199377,0.963176,5,-1,Easy,2
0.222366,0.861711,6,-1,Easy,2
0.38747,0.91291,6,-1,Easy,2
0.207525,0.829149,5,-1,Medium,2
0.422969,0.872568,6,-1,Medium,2
0.226802,0.983371,5,-1,Easy,2
0.42714,0.733993,6,-1,Easy,2
0.374774,0.783642,5,-1,Easy,2
0.163094,0.936197,6,-1,Easy,2
0.388639,0.738634,5,-1,Easy,2
0.049528,0.731942,6,-1,Easy,2
0.416271,0.814847,7,-1,Easy,2
0.28424,0.736729,6,-1,Medium,2
0.024476,0.879673,5,-1,Easy,2
0.289916,0.77562,7,-1,Easy,2
0.438411,0.969752,6,-1,Easy,2
0.03141,0.937215,7,-1,Easy,2
0.249609,0.912915,6,-1,Medium,2
0.336507,0.888914,7,-1,Easy,2
0.364616,0.960405,5,-1,Easy,2
0.186222,0.774688,6,-1,Easy,2
0.091875,0.963202,6,-1,Easy,2
0.019054,0.938953,5,-1,Easy,2
0.260877,0.926967,7,-1,Medium,2
0.20381,0.872764,5,-1,Medium,2
0.426935,0.781411,5,-1,Easy,2
0.027272,0.832829,7,-1,Easy,2
0.308428,0.940135,5,-1,Medium,2
0.011235,0.719216,6,-1,Easy,2
0.077145,0.936795,6,-1,Easy,2
0.204111,0.779621,6,-1,Easy,2
0.204693,0.75185,5,-1,Easy,2
0.308565,0.743553,6,-1,Easy,2
0.409596,0.717903,6,-1,Easy,2
0.287564,0.86184,6,-1,Easy,2
0.429091,0.773295,6,-1,Easy,2
0.396727,0.996935,6,-1,Easy,2
0.263025,0.876587,6,-1,Medium,2
0.28916,0.909741,6,-1,Medium,2
0.035351,0.970346,6,-1,Easy,2
0.333254,0.926102,7,-1,Easy,2
0.042709,0.732168,5,-1,Easy,2
0.267337,0.969806,5,-1,Easy,2
0.316188,0.94024,5,-1,Easy,2
0.029937,0.755908,5,-1,Easy,2
0.103858,0.725018,6,-1,Easy,2
0.412053,0.87162,6,-1,Medium,2
0.277342,0.75525,7,-1,Easy,2
0.110829,0.952031,7,-1,Easy,2
0.310806,0.813917,5,-1,Easy,2
0.268549,0.974739,7,-1,Medium,2
0.225709,0.87405,7,-1,Easy,2
0.439284,0.762975,5,-1,Medium,2
0.307554,0.750484,5,-1,Medium,2
0.168948,0.877177,7,-1,Easy,2
0.360033,0.930946,6,-1,Easy,2
0.398062,0.936637,7,-1,Easy,2
0.056349,0.78997,7,-1,Easy,2
0.090249,0.769232,6,-1,Easy,2
0.097302,0.714859,6,-1,Easy,2
0.311045,0.906968,5,-1,Medium,2
0.271368,0.732205,5,-1,Medium,2
0.278546,0.832021,7,-1,Easy,2
0.423348,0.884488,6,-1,Easy,2
0.34916,0.981762,5,-1,Easy,2
0.057572,0.800423,7,-1,Easy,2
0.156378,0.782434,6,-1,Easy,2
0.195927,0.899706,7,-1,Easy,2
0.178183,0.889579,5,-1,Easy,2
0.301189,0.806312,5,-1,Easy,2
0.401352,0.97915,6,-1,Medium,2
0.137723,0.95501,7,-1,Easy,2
0.248345,0.774955,6,-1,Easy,2
0.355234,0.779351,5,-1,Easy,2
0.187298,0.858567,5,-1,Easy,2
0.075653,0.934336,7,-1,Easy,2
0.213728,0.722772,7,-1,Easy,2
0.02485,0.911067,7,-1,Easy,2
0.424073,0.897988,6,-1,Easy,2
0.03367,0.777129,7,-1,Easy,2
0.197306,0.907592,7,-1,Easy,2
0.238447,0.982653,5,-1,Easy,2
0.443387,0.723568,5,-1,Medium,2
0.07471,0.802699,7,-1,Easy,2
0.051494,0.837071,7,-1,Medium,2
0.003918,0.970786,5,-1,Easy,2
0.070007,0.989056,7,-1,Medium,2
0.093273,0.838793,6,-1,Easy,2
0.283761,0.927508,6,-1,Easy,2
0.098868,0.864182,6,-1,Easy,2
0.009234,0.865957,7,-1,Easy,2
0.371978,0.790649,5,-1,Easy,2
0.164518,0.772917,7,-1,Easy,2
0.159164,0.793522,7,-1,Easy,2
0.136116,0.871335,5,-1,Easy,2
0.438918,0.718455,5,-1,Easy,2
0.076552,0.973102,5,-1,Easy,2
0.404207,0.755322,6,-1,Easy,2
0.349561,0.773826,7,-1,Easy,2
0.034416,0.8603,5,-1,Easy,2
0.444028,0.915933,7,-1,Medium,2
0.122115,0.737761,6,-1,Easy,2
0.044362,0.802131,6,-1,Easy,2
0.373191,0.990916,5,-1,Medium,2
0.318004,0.786079,5,-1,Easy,2
0.277748,0.800785,7,-1,Easy,2
0.070191,0.952585,5,-1,Easy,2
0.215323,0.724562,7,-1,Easy,2
0.35125,0.844738,5,-1,Easy,2
0.136631,0.820089,7,-1,Easy,2
0.14026,0.80181,7,-1,Easy,2
0.001413,0.792853,7,-1,Medium,2
0.07841,0.736498,7,-1,Easy,2
0.393933,0.801299,6,-1,Easy,2
0.198786,0.722485,7,-1,Easy,2
0.442906,0.93648,5,-1,Easy,2
0.178069,0.825486,6,-1,Easy,2
0.321834,0.838732,6,-1,Easy,2
0.126864,0.969142,7,-1,Medium,2
0.163714,0.900836,6,-1,Medium,2
0.085827,0.712337,7,-1,Easy,2
0.156178,0.983521,5,-1,Easy,2
0.246257,0.778772,7,-1,Easy,2
0.446298,0.741208,6,-1,Easy,2
0.298891,0.932757,5,-1,Easy,2
0.089661,0.855138,7,-1,Easy,2
0.020233,0.835793,5,-1,Easy,2
0.05686,0.782356,5,-1,Easy,2
0.25315,0.868767,6,-1,Medium,2
0.344322,0.789572,5,-1,Easy,2
0.423189,0.971459,6,-1,Easy,2
0.00712,0.772409,5,-1,Easy,2
0.235242,0.966463,7,-1,Easy,2
0.21189,0.872228,5,-1,Easy,2
0.295225,0.950262,7,-1,Easy,2
0.25181,0.916725,7,-1,Easy,2
0.309168,0.912042,5,-1,Easy,2
0.296137,0.80406,7,-1,Easy,2
0.052655,0.77783,5,-1,Easy,2
0.359873,0.771157,5,-1,Easy,2
0.055455,0.958586,7,-1,Medium,2
0.314339,0.947924,7,-1,Easy,2
0.187265,0.837766,6,-1,Easy,2
0.231233,0.748397,7,-1,Easy,2
0.406484,0.820853,6,-1,Easy,2
0.400448,0.88961,7,-1,Easy,2
0.368035,0.841777,5,-1,Easy,2
0.229567,0.936255,7,-1,Easy,2
0.331308,0.999311,5,-1,Medium,2
0.230804,0.765428,5,-1,Easy,2
0.391323,0.843299,5,-1,Easy,2
0.181249,0.834985,6,-1,Easy,2
0.436606,0.798303,7,-1,Easy,2
0.419545,0.767448,5,-1,Easy,2
0.333721,0.729051,5,-1,Easy,2
0.125737,0.967265,6,-1,Easy,2
0.059244,0.831756,7,-1,Easy,2
0.384617,0.8541,7,-1,Easy,2
0.074386,0.975913,6,-1,Easy,2
0.384417,0.935124,6,-1,Easy,2
0.220844,0.747845,7,-1,Easy,2
0.182951,0.873972,6,-1,Medium,2
0.406436,0.838253,7,-1,Easy,2
0.271733,0.941191,7,-1,Easy,2
0.259476,0.920027,5,-1,Easy,2
0.251445,0.910218,5,-1,Easy,2
0.167026,0.808758,7,-1,Easy,2
0.353539,0.943439,7,-1,Medium,2
0.113759,0.725193,7,-1,Easy,2
0.422503,0.756291,7,-1,Easy,2
0.402293,0.807331,7,-1,Easy,2
0.151866,0.732274,7,-1,Easy,2
0.328259,0.778148,6,-1,Easy,2
0.25795,0.950744,7,-1,Easy,2
0.151942,0.984993,6,-1,Easy,2
0.444835,0.798335,6,-1,Easy,2
0.011357,0.78671,7,-1,Easy,2
0.113691,0.791169,7,-1,Easy,2
0.234033,0.790539,6,-1,Easy,2
0.234879,0.72042,6,-1,Easy,2
0.26502,0.978806,7,-1,Easy,2
0.338254,0.771972,7,-1,Easy,2
0.280565,0.831801,6,-1,Easy,2
0.270127,0.712809,6,-1,Easy,2
0.024082,0.958807,6,-1,Easy,2
0.169439,0.922036,5,-1,Easy,2
0.104425,0.984559,6,-1,Easy,2
0.119417,0.936668,5,-1,Medium,2
0.249452,0.800975,7,-1,Easy,2
0.089777,0.781883,7,-1,Easy,2
0.132277,0.912338,6,-1,Easy,2
0.106688,0.815593,7,-1,Easy,2
0.426826,0.874202,7,-1,Easy,2
0.4251,0.711815,7,-1,Easy,2
0.274474,0.727947,7,-1,Easy,2
0.416035,0.865257,5,-1,Easy,2
0.353616,0.874161,5,-1,Easy,2
0.265477,0.927921,6,-1,Easy,2
0.002896,0.74827,6,-1,Easy,2
0.347632,0.858823,6,-1,Easy,2
0.31612,0.76639,7,-1,Medium,2
0.276864,0.737027,7,-1,Easy,2
0.342191,0.829044,5,-1,Easy,2
0.230815,0.757368,5,-1,Easy,2
0.316837,0.774317,6,-1,Easy,2
0.420827,0.802091,5,-1,Easy,2
0.169112,0.785223,5,-1,Easy,2
0.318655,0.735401,5,-1,Easy,2
0.21406,0.736076,5,-1,Easy,2
0.30348,0.766042,5,-1,Easy,2
0.343302,0.724662,6,-1,Medium,2
0.020454,0.891673,6,-1,Easy,2
0.29097,0.793325,5,-1,Easy,2
0.102034,0.791126,6,-1,Easy,2
0.301515,0.80628,7,-1,Easy,2
0.210749,0.902211,5,-1,Easy,2
0.348099,0.962484,7,-1,Easy,2
0.05553,0.930135,6,-1,Easy,2
0.281845,0.920983,6,-1,Medium,2
0.125312,0.850473,7,-1,Medium,2
0.383842,0.911204,6,-1,Medium,2
0.417773,0.870301,5,-1,Easy,2
0.448379,0.772713,7,-1,Easy,2
0.358203,0.770491,5,-1,Easy,2
0.33918,0.795954,7,-1,Easy,2
0.096975,0.974133,6,-1,Easy,2
0.151203,0.86875,7,-1,Easy,2
0.209557,0.922833,7,-1,Easy,2
0.348021,0.810502,5,-1,Easy,2
0.411735,0.828238,6,-1,Easy,2
0.085113,0.746414,5,-1,Medium,2
0.415065,0.759676,6,-1,Easy,2
0.313031,0.949933,5,-1,Easy,2
0.274847,0.879603,7,-1,Easy,2
0.089929,0.807884,5,-1,Easy,2
0.024986,0.942827,6,-1,Medium,2
0.255809,0.781491,6,-1,Easy,2
0.293182,0.993049,7,-1,Easy,2
0.094852,0.809997,6,-1,Easy,2
0.250405,0.80782,5,-1,Medium,2
0.385422,0.800454,7,-1,Easy,2
0.37578,0.745412,6,-1,Medium,2
0.41731,0.74223,6,-1,Easy,2
0.164649,0.89795,5,-1,Easy,2
0.143122,0.963784,5,-1,Easy,2
0.337242,0.939251,7,-1,Medium,2
0.194001,0.750921,6,-1,Easy,2
0.039397,0.868219,5,-1,Easy,2
0.127261,0.740622,7,-1,Easy,2
0.188362,0.723135,6,-1,Easy,2
0.131632,0.900352,6,-1,Easy,2
0.149493,0.865194,7,-1,Medium,2
0.132199,0.733787,7,-1,Easy,2
0.018675,0.720132,5,-1,Easy,2
0.286693,0.997029,6,-1,Easy,2
0.268782,0.718706,6,-1,Easy,2
0.294023,0.838913,6,-1,Easy,2
0.086539,0.85634,7,-1,Easy,2
0.133045,0.744011,5,-1,Easy,2
0.278827,0.759028,6,-1,Easy,2
0.269832,0.812023,7,-1,Easy,2
0.227849,0.930886,6,-1,Easy,2
0.157686,0.857054,5,-1,Easy,2
0.410819,0.894992,6,-1,Medium,2
0.152897,0.995701,5,-1,Medium,2
0.205029,0.932722,5,-1,Medium,2
0.305151,0.835965,6,-1,Easy,2
0.24436,0.839468,6,-1,Easy,2
0.156099,0.889444,5,-1,Easy,2
0.19604,0.902956,7,-1,Easy,2
0.357516,0.855206,5,-1,Easy,2
0.781089,0.029018,1,1,Medium,0
0.48,0.7,5,0,Easy,2
